url_path,views_total,views_unique
/s-murfy/k223d/tree/master/examples/python,11,2
/s-murfy/k223d,10,9
/s-murfy/k223d/tree/master/examples,9,2
/s-murfy/k223d/tree/master/examples/python/fault_sources,9,2
/s-murfy/k223d/tree/master/examples/python/fault_sources/cfm_california,5,2
/s-murfy/k223d/tree/master/examples/python/earthquakes,3,2
/s-murfy/k223d/tree/master/examples/python/earthquakes/kuril_2025,3,2
/s-murfy/k223d/tree/master/code,3,1
/s-murfy/k223d/tree/master/examples/fortran,3,1
/s-murfy/k223d/tree/master/examples/fortran/planar_eg,3,1
